L10104年家庭收支調查報告,,,,
,,,,
第9表家庭住宅及主要設備概況按農家、非農家分,,,,
,,,,
民 國 104 年,,,,
,,,,
,總 平 均,農 家,非 農 家,
,General,Farm,Non-farm,
,average,,,
,,,,
家庭戶數,8386495,786060,7600435,No. of households
平均每戶人數,3.1,3.34,3.08,No. of persons per household
平均每戶成年人數,2.5299999999999998,2.81,2.5,No. of adults per household
平均每戶就業人數,1.43,1.9,1.38,No. of persons employed per household
平均每戶所得收入者人數,1.72,1.86,1.71,No. of income recipients per household
一、家庭住宅概況(％),,,,A.Housing (%)
1.住宅所有權,,,,1.By tenure of dwelling
(1)自有(戶內經常   居住成員所擁有),84.23,95.74,83.04,(1)Self-owned (by usually livingmember of this household)
(2)不住在一起的配偶、父母或子女所擁有,4.2300000000000004,1.71,4.49,"(2)Owned by spouse, parentsor children not living together"
(3)租押,8.2200000000000006,0.97,8.9700000000000006,(3)Rented
(4)其他(含配住及借用),3.32,1.59,3.5,(4)Allotted and others
2.住宅用途,,,,2.By usage of dwelling
(1)專用,96.31,96.14,96.33,(1)Independent
(2)併用,3.69,3.86,3.67,(2)Connected
3.建築式樣,,,,3.By style of building
(1)平房,9.66,27.72,7.79,(1)One story
(2)二～三層樓,39.76,66.010000000000005,37.04,(2)Two or three stories
(3)四～五層樓,29.48,5.22,31.99,(3)Four or five stories
(4)六層樓以上,21.1,1.05,23.18,"(4)Apartment, six stories or over"
4.具有自來水設備,95.67,87.61,96.51,4.Piped water equipment
5.有車家庭停車位情形,,,,5.Parking lot
(1)自有停車位,51.45,74.040000000000006,48.81,(1)Self-owned
(2)租借停車位,12.36,2.36,13.53,(2)Rented
(3)無停車位,36.19,23.59,37.659999999999997,(3)None
6.每戶建坪平均數(坪),43.99,54.52,42.9,6.Space per household average (pin)
7.每戶建坪中位數(坪),38,50,36,7.Space per household median (pin)
二、家庭主要設備,,,,B.Main household equipment (%)
1.普及率(％),,,,1.Percentage of household with equip.
(1)彩色電視機,99.2,99.56,99.16,(1)Color TV
一般彩色電視機,30.09,40.25,29.04,Non-LCD TV
液晶、電漿電視,82.2,76.53,82.78,LCD、PDP TV
(2)數位影音光碟機,24.45,9.32,26.02,(2)DVD player
(3)攝影機,5.32,1.97,5.67,(3)Movies camera
(4)音響,25.02,16.98,25.85,(4)Stereo
(5)鋼琴(含電子琴),8.57,3.82,9.06,(5)Piano
(6)數位相機,32.4,18.78,33.799999999999997,(6)Digital camera
(7)電視遊樂器,6.97,1.92,7.49,(7)Video game
(8)有線電視頻道設備(含多媒體隨選視訊),85.38,72.430000000000007,86.71,(8)Cable TV(MOD included)
(9)家用電腦,69.319999999999993,50.45,71.27,(9)Personal computer
(10)電話機,92.89,96.37,92.53,(10)Telephone
(11)行動電話,93.51,87.51,94.13,(11)Cell phone
(12)連網(使用電腦或其他設備),77.900000000000006,59.76,79.78,(12)Internet facility
,,,,
,,,,"The Survey of Family Income and Expenditure, 2015"
,,,,
Table 9. Household Housing and Household Facilities by Farm or Non-farm,,,,
,,,,
2 0 1 5,,,,
,,,,
,總 平 均,農 家,非 農 家,
,General,Farm,Non-farm,
,average,,,
,,,,
(13)汽車,59.09,65.98,58.37,(13)Sedan vehicle
(14)機車,82.83,89.8,82.11,(14)Motorcycle
(15)電磁爐,33.770000000000003,20.96,35.1,(15)Electro-magnetic oven
(16)冷暖氣機,92.53,84.33,93.38,(16)Air conditioner
(17)除濕機,32.47,15.39,34.229999999999997,(17)Dehumidifier
(18)洗衣機,98.37,98.28,98.38,(18)Washing machine
(19)烘衣機,13.73,12.16,13.9,(19)Drier
(20)空氣清淨機,11.54,4.08,12.31,(20)Air-clean machine
(21)濾水器,35.61,25.81,36.630000000000003,(21)Water filter machine
(22)吸塵器,42.1,25.67,43.79,(22)Vacuum cleaner
(23)熱水器,99.08,97.78,99.22,(23)Geyser
(24)開飲機,44.3,52.43,43.46,(24)Hot-warm water fountain
(25)微波爐,40.51,25.67,42.05,(25)Microwave oven
(26)報紙,13.62,14.21,13.55,(26)Newspaper
(27)期刊雜誌,4.88,1.82,5.2,(27)Magazine
"2.每百戶擁有數(台,輛,份)",,,,2.Average No. per hundred households
(1)彩色電視機,157.25,160.05000000000001,156.96,(1)Color TV
一般彩色電視機,36.74,48.98,35.479999999999997,Non-LCD TV
液晶、電漿電視,120.51,111.07,121.48,LCD、PDP TV
(2)數位影音光碟機,26.26,10.33,27.91,(2)DVD player
(3)攝影機,5.52,2.16,5.87,(3)Movies camera
(4)音響,25.9,17.489999999999998,26.77,(4)Stereo
(5)鋼琴(含電子琴),8.7200000000000006,3.88,9.2200000000000006,(5)Piano
(6)數位相機,38,21.02,39.76,(6)Digital camera
(7)電視遊樂器,7.4,1.92,7.97,(7)Video game
(8)有線電視頻道設備(含多媒體隨選視訊),87.25,73.03,88.72,(8)Cable TV(MOD included)
(9)家用電腦,100.91,67.83,104.34,(9)Personal computer
(10)電話機,98.42,100.95,98.16,(10)Telephone
(11)行動電話,236.92,225.06,238.15,(11)Cell phone
(12)汽車,70.72,88.44,68.89,(12)Sedan vehicle
(13)機車,150.12,176.98,147.34,(13)Motorcycle
(14)電磁爐,34.29,21.32,35.630000000000003,(14)Electro-magnetic oven
(15)冷暖氣機,229.56,195.56,233.07,(15)Air conditioner
(16)除濕機,39.82,19.329999999999998,41.94,(16)Dehumidifier
(17)洗衣機,100.8,103.14,100.56,(17)Washing machine
(18)烘衣機,13.77,12.21,13.93,(18)Drier
(19)空氣清淨機,13.01,4.5,13.89,(19)Air-clean machine
(20)濾水器,35.950000000000003,26.15,36.96,(20)Water filter machine
(21)吸塵器,44.76,26.89,46.6,(21)Vacuum cleaner
(22)熱水器,107.06,110,106.76,(22)Geyser
(23)開飲機,45.28,54.09,44.37,(23)Hot-warm water fountain
(24)微波爐,40.799999999999997,25.87,42.35,(24)Microwave oven
(25)報紙,14.07,14.55,14.02,(25)Newspaper
(26)期刊雜誌,5.75,1.97,6.14,(26)Magazine
