,單位：人,民國109年,2020,Unit:Person,,,,
,表１４ 新竹縣１５歲以上民間常住人口有工作者之工作地與經常居住地概況,,,表１４ １５歲以上民間常住人口有工作者之工作地與經常居住地概況,表１４ 新竹縣１５歲以上民間常住人口有工作者之工作地與經常居住地概況,表１４,新竹縣,１５歲以上民間常住人口有工作者之工作地與經常居住地概況
,Table 14 Hsinchu County Working and Usually Living Place of the Employed,,,#rtitle1,0,0,Hsinchu County,0
,Civilian Resident Population Aged 15 Years and Over,,,(1)總計,,,,
,(1)總計 (1)Grand total,,,(1)Grand total,,,,
,,,,,,,,
,單位：人                民國109年11月November 2020                Unit:Person,,,,,,,
,,總 計,同現住鄉鎮市區,同現住縣市不同鄉鎮市區,不同縣市或國外地區,,,
,,,,,,,,
,,,,,,,,
,,Grand total,Same township/city/district,Same county/city,Other county/city or overseas,,,
,,,,,,,,
,,,,,,,,
,,,,,,,,
,按鄉鎮市區別分,,,,,,,
,By Township/City/District,,,,,,,
,新竹縣,307233,149547,63976,93710,,,
,Hsinchu County,,,,,,,
,竹北市,118662,63034,14987,40641,,,
,Zhubei City,,,,,,,
,竹東鎮,52718,23534,9410,19774,,,
,Zhudong Township,,,,,,,
,新埔鎮,15611,5295,6177,4139,,,
,Xinpu Township,,,,,,,
,關西鎮,12788,5293,3605,3890,,,
,Guanxi Township,,,,,,,
,湖口鄉,43399,27976,7434,7989,,,
,Hukou Township,,,,,,,
,新豐鄉,30553,12388,12768,5397,,,
,Xinfeng Township,,,,,,,
,芎林鄉,11197,2915,4542,3740,,,
,Qionglin Township,,,,,,,
,橫山鄉,4828,1623,1950,1255,,,
,Hengshan Township,,,,,,,
,北埔鄉,3711,1186,1188,1337,,,
,Beipu Township,,,,,,,
,寶山鄉,8750,3141,1066,4543,,,
,Baoshan Township,,,,,,,
,峨眉鄉,2035,973,343,719,,,
,Emei Township,,,,,,,
,尖石鄉,2221,1672,353,196,,,
,Jianshi Township,,,,,,,
,五峰鄉,760,517,153,90,,,
,Wufeng Township,,,,,,,
,註：本表資料不含勞動部核准引進之產業及社福移工。,,,,,,,
,Note：This table does not include foreign workers in productive industries and social welfare introduced and permitted by the Ministry of Labor.,,,,,,,
,,,,,,,,
,,,,,,,,
,單位：人,民國109年,2020,Unit:Person,,,,
,表１４ 新竹縣１５歲以上民間常住人口有工作者之工作地與經常居住地概況（續１）,,,表１４ １５歲以上民間常住人口有工作者之工作地與經常居住地概況（續１）,表１４ 新竹縣１５歲以上民間常住人口有工作者之工作地與經常居住地概況（續１）,表１４,新竹縣,１５歲以上民間常住人口有工作者之工作地與經常居住地概況（續１）
,Table 14 Hsinchu County Working and Usually Living Place of the Employed,,,#rtitle1,0,0,Hsinchu County,0
,Civilian Resident Population Aged 15 Years and Over(Cont.1),,,(2)男性,,,,
,(2)男性 (2)Male,,,(2)Male,,,,
,,,,,,,,
,單位：人                民國109年11月November 2020                Unit:Person,,,,,,,
,,總 計,同現住鄉鎮市區,同現住縣市不同鄉鎮市區,不同縣市或國外地區,,,
,,,,,,,,
,,,,,,,,
,,Grand total,Same township/city/district,Same county/city,Other county/city or overseas,,,
,,,,,,,,
,,,,,,,,
,,,,,,,,
,按鄉鎮市區別分,,,,,,,
,By Township/City/District,,,,,,,
,新竹縣,173559,84617,35349,53593,,,
,Hsinchu County,,,,,,,
,竹北市,66177,34278,8431,23468,,,
,Zhubei City,,,,,,,
,竹東鎮,29281,12914,5464,10903,,,
,Zhudong Township,,,,,,,
,新埔鎮,9052,3329,3317,2406,,,
,Xinpu Township,,,,,,,
,關西鎮,7701,3161,2148,2392,,,
,Guanxi Township,,,,,,,
,湖口鄉,24225,15884,3658,4683,,,
,Hukou Township,,,,,,,
,新豐鄉,17241,7395,6756,3090,,,
,Xinfeng Township,,,,,,,
,芎林鄉,6475,1846,2512,2117,,,
,Qionglin Township,,,,,,,
,橫山鄉,2800,988,1107,705,,,
,Hengshan Township,,,,,,,
,北埔鄉,2145,729,722,694,,,
,Beipu Township,,,,,,,
,寶山鄉,5395,2181,693,2521,,,
,Baoshan Township,,,,,,,
,峨眉鄉,1241,624,207,410,,,
,Emei Township,,,,,,,
,尖石鄉,1347,967,238,142,,,
,Jianshi Township,,,,,,,
,五峰鄉,479,321,96,62,,,
,Wufeng Township,,,,,,,
,註：本表資料不含勞動部核准引進之產業及社福移工。,,,,,,,
,Note：This table does not include foreign workers in productive industries and social welfare introduced and permitted by the Ministry of Labor.,,,,,,,
,,,,,,,,
,,,,,,,,
,單位：人,民國109年,2020,Unit:Person,,,,
,表１４ 新竹縣１５歲以上民間常住人口有工作者之工作地與經常居住地概況（續完）,,,表１４ １５歲以上民間常住人口有工作者之工作地與經常居住地概況（續完）,表１４ 新竹縣１５歲以上民間常住人口有工作者之工作地與經常居住地概況（續完）,表１４,新竹縣,１５歲以上民間常住人口有工作者之工作地與經常居住地概況（續完）
,Table 14 Hsinchu County Working and Usually Living Place of the Employed,,,#rtitle1,0,0,Hsinchu County,0
,Civilian Resident Population Aged 15 Years and Over(End),,,(3)女性,,,,
,(3)女性 (3)Female,,,(3)Female,,,,
,,,,,,,,
,單位：人                民國109年11月November 2020                Unit:Person,,,,,,,
,,總 計,同現住鄉鎮市區,同現住縣市不同鄉鎮市區,不同縣市或國外地區,,,
,,,,,,,,
,,,,,,,,
,,Grand total,Same township/city/district,Same county/city,Other county/city or overseas,,,
,,,,,,,,
,,,,,,,,
,,,,,,,,
,按鄉鎮市區別分,,,,,,,
,By Township/City/District,,,,,,,
,新竹縣,133674,64930,28627,40117,,,
,Hsinchu County,,,,,,,
,竹北市,52485,28756,6556,17173,,,
,Zhubei City,,,,,,,
,竹東鎮,23437,10620,3946,8871,,,
,Zhudong Township,,,,,,,
,新埔鎮,6559,1966,2860,1733,,,
,Xinpu Township,,,,,,,
,關西鎮,5087,2132,1457,1498,,,
,Guanxi Township,,,,,,,
,湖口鄉,19174,12092,3776,3306,,,
,Hukou Township,,,,,,,
,新豐鄉,13312,4993,6012,2307,,,
,Xinfeng Township,,,,,,,
,芎林鄉,4722,1069,2030,1623,,,
,Qionglin Township,,,,,,,
,橫山鄉,2028,635,843,550,,,
,Hengshan Township,,,,,,,
,北埔鄉,1566,457,466,643,,,
,Beipu Township,,,,,,,
,寶山鄉,3355,960,373,2022,,,
,Baoshan Township,,,,,,,
,峨眉鄉,794,349,136,309,,,
,Emei Township,,,,,,,
,尖石鄉,874,705,115,54,,,
,Jianshi Township,,,,,,,
,五峰鄉,281,196,57,28,,,
,Wufeng Township,,,,,,,
,註：本表資料不含勞動部核准引進之產業及社福移工。,,,,,,,
,Note：This table does not include foreign workers in productive industries and social welfare introduced and permitted by the Ministry of Labor.,,,,,,,
